mean_fit_time,std_fit_time,mean_score_time,std_score_time,param_clf__max_depth,param_clf__max_features,param_clf__min_samples_leaf,param_clf__min_samples_split,param_clf__n_estimators,param_features__col1_tfidf__min_df,param_features__col4_tfidf__min_df,param_features__col6_tfidf__min_df,param_features__date,params,split0_test_score,split1_test_score,split2_test_score,mean_test_score,std_test_score,rank_test_score
0.7747277418772379,0.02466354487805131,0.23577459653218588,0.005256502424512725,30,sqrt,3,9,220,3,2,3,DateFeatures(),"{'clf__max_depth': 30, 'clf__max_features': 'sqrt', 'clf__min_samples_leaf': 3, 'clf__min_samples_split': 9, 'clf__n_estimators': 220, 'features__col1_tfidf__min_df': 3, 'features__col4_tfidf__min_df': 2, 'features__col6_tfidf__min_df': 3, 'features__date': DateFeatures()}",0.6468780321641965,0.5510138676089761,0.6203089206366067,0.6060669401365931,0.040411302197031214,27
1.3976535002390544,0.15306711456201366,0.3290399710337321,0.0611173329530306,20,0.1,4,6,299,5,5,3,drop,"{'clf__max_depth': 20, 'clf__max_features': 0.1, 'clf__min_samples_leaf': 4, 'clf__min_samples_split': 6, 'clf__n_estimators': 299, 'features__col1_tfidf__min_df': 5, 'features__col4_tfidf__min_df': 5, 'features__col6_tfidf__min_df': 3, 'features__date': 'drop'}",0.6313740043925803,0.5603107701916044,0.6312762560001242,0.6076536768614363,0.0334765141320336,25
1.7488493124643962,0.29047054824834734,0.35846765836079914,0.1045079078995631,50,log2,4,7,585,5,5,1,DateFeatures(),"{'clf__max_depth': 50, 'clf__max_features': 'log2', 'clf__min_samples_leaf': 4, 'clf__min_samples_split': 7, 'clf__n_estimators': 585, 'features__col1_tfidf__min_df': 5, 'features__col4_tfidf__min_df': 5, 'features__col6_tfidf__min_df': 1, 'features__date': DateFeatures()}",0.5119263915293393,0.44703372202084396,0.5000411068875799,0.48633374014592107,0.0282097331457005,39
2.43308957417806,0.17593314621705322,0.34262816111246747,0.06417568885507251,30,log2,2,10,760,3,3,3,drop,"{'clf__max_depth': 30, 'clf__max_features': 'log2', 'clf__min_samples_leaf': 2, 'clf__min_samples_split': 10, 'clf__n_estimators': 760, 'features__col1_tfidf__min_df': 3, 'features__col4_tfidf__min_df': 3, 'features__col6_tfidf__min_df': 3, 'features__date': 'drop'}",0.5935113623734164,0.5290776424508128,0.5951388347032879,0.5725759465091723,0.030765121035692886,33
6.947407563527425,0.08683310501063701,0.2868030071258545,0.03878155480868582,30,0.3,4,4,766,5,5,1,DateFeatures(),"{'clf__max_depth': 30, 'clf__max_features': 0.3, 'clf__min_samples_leaf': 4, 'clf__min_samples_split': 4, 'clf__n_estimators': 766, 'features__col1_tfidf__min_df': 5, 'features__col4_tfidf__min_df': 5, 'features__col6_tfidf__min_df': 1, 'features__date': DateFeatures()}",0.6483416744892356,0.5656333918495717,0.6730500490439458,0.6290083717942511,0.04593413404376128,19
1.8985224564870198,0.16820247909620137,0.17206525802612305,0.015422007522526475,50,0.1,3,6,366,2,5,1,drop,"{'clf__max_depth': 50, 'clf__max_features': 0.1, 'clf__min_samples_leaf': 3, 'clf__min_samples_split': 6, 'clf__n_estimators': 366, 'features__col1_tfidf__min_df': 2, 'features__col4_tfidf__min_df': 5, 'features__col6_tfidf__min_df': 1, 'features__date': 'drop'}",0.6738444242371311,0.5865622690816272,0.6801604320078546,0.6468557084422043,0.04271180251394727,14
1.9904076258341472,0.025215545191609186,0.39169931411743164,0.08892790305819712,10,log2,1,11,764,2,5,5,DateFeatures(),"{'clf__max_depth': 10, 'clf__max_features': 'log2', 'clf__min_samples_leaf': 1, 'clf__min_samples_split': 11, 'clf__n_estimators': 764, 'features__col1_tfidf__min_df': 2, 'features__col4_tfidf__min_df': 5, 'features__col6_tfidf__min_df': 5, 'features__date': DateFeatures()}",0.602296308737219,0.5031969449346991,0.5925862365960208,0.5660264967559797,0.04460370546486056,35
1.3605732917785645,0.08449800496787557,0.19962040583292642,0.12306233992567422,30,0.1,4,9,234,2,1,5,drop,"{'clf__max_depth': 30, 'clf__max_features': 0.1, 'clf__min_samples_leaf': 4, 'clf__min_samples_split': 9, 'clf__n_estimators': 234, 'features__col1_tfidf__min_df': 2, 'features__col4_tfidf__min_df': 1, 'features__col6_tfidf__min_df': 5, 'features__date': 'drop'}",0.6143900012446789,0.5839661720408934,0.6309365691272413,0.6097642474709378,0.0194525533729938,23
1.8727725346883137,0.12658326261469038,0.2902892430623372,0.02178281131001813,30,log2,2,7,765,2,5,2,DateFeatures(),"{'clf__max_depth': 30, 'clf__max_features': 'log2', 'clf__min_samples_leaf': 2, 'clf__min_samples_split': 7, 'clf__n_estimators': 765, 'features__col1_tfidf__min_df': 2, 'features__col4_tfidf__min_df': 5, 'features__col6_tfidf__min_df': 2, 'features__date': DateFeatures()}",0.5790776652140602,0.5225491533128764,0.6057769202012575,0.5691345795760647,0.03469739672569168,34
0.9276583989461263,0.07001793283666118,0.1422417163848877,0.008296249847862551,10,log2,4,3,401,2,5,2,DateFeatures(),"{'clf__max_depth': 10, 'clf__max_features': 'log2', 'clf__min_samples_leaf': 4, 'clf__min_samples_split': 3, 'clf__n_estimators': 401, 'features__col1_tfidf__min_df': 2, 'features__col4_tfidf__min_df': 5, 'features__col6_tfidf__min_df': 2, 'features__date': DateFeatures()}",0.44469111543835654,0.43195854308265175,0.4474388199589687,0.4413628261599924,0.0067437810948168695,40
1.700593074162801,0.03569513066378604,0.28001562754313153,0.08699993689965642,30,sqrt,2,9,537,3,1,5,drop,"{'clf__max_depth': 30, 'clf__max_features': 'sqrt', 'clf__min_samples_leaf': 2, 'clf__min_samples_split': 9, 'clf__n_estimators': 537, 'features__col1_tfidf__min_df': 3, 'features__col4_tfidf__min_df': 1, 'features__col6_tfidf__min_df': 5, 'features__date': 'drop'}",0.6658702853170566,0.5727754325277545,0.6280420350896506,0.6222292509781538,0.03822742687574466,20
3.5377699534098306,0.17342202601834858,0.23950409889221191,0.030637829414662407,,0.3,4,10,356,3,1,1,DateFeatures(),"{'clf__max_depth': None, 'clf__max_features': 0.3, 'clf__min_samples_leaf': 4, 'clf__min_samples_split': 10, 'clf__n_estimators': 356, 'features__col1_tfidf__min_df': 3, 'features__col4_tfidf__min_df': 1, 'features__col6_tfidf__min_df': 1, 'features__date': DateFeatures()}",0.6386630940614844,0.5671829134161437,0.6541902783765072,0.6200120952847118,0.0378898861251465,21
7.109479904174805,0.24381333355331627,0.2517837683359782,0.006964412639947579,,0.3,1,9,671,3,3,3,DateFeatures(),"{'clf__max_depth': None, 'clf__max_features': 0.3, 'clf__min_samples_leaf': 1, 'clf__min_samples_split': 9, 'clf__n_estimators': 671, 'features__col1_tfidf__min_df': 3, 'features__col4_tfidf__min_df': 3, 'features__col6_tfidf__min_df': 3, 'features__date': DateFeatures()}",0.7443812395565621,0.5855614840781082,0.7195189488373551,0.6831538908240086,0.06975070735982791,9
3.3146518071492515,0.07541717688027827,0.2433482805887858,0.021578752026808326,20,0.1,1,6,689,3,2,1,drop,"{'clf__max_depth': 20, 'clf__max_features': 0.1, 'clf__min_samples_leaf': 1, 'clf__min_samples_split': 6, 'clf__n_estimators': 689, 'features__col1_tfidf__min_df': 3, 'features__col4_tfidf__min_df': 2, 'features__col6_tfidf__min_df': 1, 'features__date': 'drop'}",0.7046115479039475,0.672531469407757,0.7234577906700668,0.7002002693272571,0.021023274139849106,5
1.6259767214457195,0.0488904188736001,0.12294634183247884,0.009825174629449061,,0.3,4,3,232,5,3,3,drop,"{'clf__max_depth': None, 'clf__max_features': 0.3, 'clf__min_samples_leaf': 4, 'clf__min_samples_split': 3, 'clf__n_estimators': 232, 'features__col1_tfidf__min_df': 5, 'features__col4_tfidf__min_df': 3, 'features__col6_tfidf__min_df': 3, 'features__date': 'drop'}",0.6784528733645567,0.5612834689136792,0.6509201103349824,0.6302188175377395,0.050023827505507934,18
3.9649389584859214,0.0970037300568085,0.2729489008585612,0.027456268476895605,50,0.1,4,9,746,1,3,1,DateFeatures(),"{'clf__max_depth': 50, 'clf__max_features': 0.1, 'clf__min_samples_leaf': 4, 'clf__min_samples_split': 9, 'clf__n_estimators': 746, 'features__col1_tfidf__min_df': 1, 'features__col4_tfidf__min_df': 3, 'features__col6_tfidf__min_df': 1, 'features__date': DateFeatures()}",0.6435365534251855,0.5736066721544408,0.6052892404908595,0.6074774886901619,0.028590655772721997,26
2.647276004155477,0.04010087954771623,0.28632481892903644,0.015547140721916574,20,sqrt,1,11,702,3,2,3,DateFeatures(),"{'clf__max_depth': 20, 'clf__max_features': 'sqrt', 'clf__min_samples_leaf': 1, 'clf__min_samples_split': 11, 'clf__n_estimators': 702, 'features__col1_tfidf__min_df': 3, 'features__col4_tfidf__min_df': 2, 'features__col6_tfidf__min_df': 3, 'features__date': DateFeatures()}",0.7151063592827709,0.5906625074272134,0.74819515494177,0.6846546738839181,0.06782139591583872,8
3.7510505517323813,0.1175306023510215,0.23945935567220053,0.01035737948585992,,0.1,3,11,753,5,1,3,DateFeatures(),"{'clf__max_depth': None, 'clf__max_features': 0.1, 'clf__min_samples_leaf': 3, 'clf__min_samples_split': 11, 'clf__n_estimators': 753, 'features__col1_tfidf__min_df': 5, 'features__col4_tfidf__min_df': 1, 'features__col6_tfidf__min_df': 3, 'features__date': DateFeatures()}",0.6654797998331037,0.56983898866429,0.6645553067849734,0.6332913650941223,0.04486919305264934,17
6.466949462890625,0.05473392133503746,0.21370244026184082,0.00958287800068842,,0.3,1,5,684,3,3,1,DateFeatures(),"{'clf__max_depth': None, 'clf__max_features': 0.3, 'clf__min_samples_leaf': 1, 'clf__min_samples_split': 5, 'clf__n_estimators': 684, 'features__col1_tfidf__min_df': 3, 'features__col4_tfidf__min_df': 3, 'features__col6_tfidf__min_df': 1, 'features__date': DateFeatures()}",0.7411227145946381,0.5805690812712581,0.737045981607357,0.6862459258244177,0.07474334549642485,7
1.2012263933817546,0.03976307736870794,0.17420458793640137,0.02115314636071574,20,sqrt,4,8,442,2,5,2,drop,"{'clf__max_depth': 20, 'clf__max_features': 'sqrt', 'clf__min_samples_leaf': 4, 'clf__min_samples_split': 8, 'clf__n_estimators': 442, 'features__col1_tfidf__min_df': 2, 'features__col4_tfidf__min_df': 5, 'features__col6_tfidf__min_df': 2, 'features__date': 'drop'}",0.5661993416751667,0.5315296986504416,0.5569923258413715,0.5515737887223265,0.014663252146058127,36
0.857192595799764,0.03466677079724021,0.12925100326538086,0.005981496262596915,50,log2,1,6,227,5,5,5,drop,"{'clf__max_depth': 50, 'clf__max_features': 'log2', 'clf__min_samples_leaf': 1, 'clf__min_samples_split': 6, 'clf__n_estimators': 227, 'features__col1_tfidf__min_df': 5, 'features__col4_tfidf__min_df': 5, 'features__col6_tfidf__min_df': 5, 'features__date': 'drop'}",0.7536361223932475,0.6283076782822408,0.7924944992396632,0.7248127666383839,0.07005910562639114,2
4.487843990325928,0.14264470721499697,0.20145678520202637,0.0019834993212120406,20,0.3,2,8,547,1,3,2,DateFeatures(),"{'clf__max_depth': 20, 'clf__max_features': 0.3, 'clf__min_samples_leaf': 2, 'clf__min_samples_split': 8, 'clf__n_estimators': 547, 'features__col1_tfidf__min_df': 1, 'features__col4_tfidf__min_df': 3, 'features__col6_tfidf__min_df': 2, 'features__date': DateFeatures()}",0.7240156299423012,0.6231937057131552,0.7321348747997825,0.693114736818413,0.04955262170918741,6
1.3896794319152832,0.04040009408026002,0.16903607050577799,0.0035955376346045974,,sqrt,3,10,458,3,2,5,DateFeatures(),"{'clf__max_depth': None, 'clf__max_features': 'sqrt', 'clf__min_samples_leaf': 3, 'clf__min_samples_split': 10, 'clf__n_estimators': 458, 'features__col1_tfidf__min_df': 3, 'features__col4_tfidf__min_df': 2, 'features__col6_tfidf__min_df': 5, 'features__date': DateFeatures()}",0.641887665307388,0.5459302105373627,0.6235397733647482,0.6037858830698329,0.041590226558836485,28
1.740436315536499,0.017731291932984408,0.20014158884684244,0.007435304140975549,,log2,1,2,433,5,5,3,DateFeatures(),"{'clf__max_depth': None, 'clf__max_features': 'log2', 'clf__min_samples_leaf': 1, 'clf__min_samples_split': 2, 'clf__n_estimators': 433, 'features__col1_tfidf__min_df': 5, 'features__col4_tfidf__min_df': 5, 'features__col6_tfidf__min_df': 3, 'features__date': DateFeatures()}",0.8161131889139812,0.6728288085185239,0.7874455399549894,0.7587958457958316,0.06190426559286252,1
5.961385885874431,0.15292749005913794,0.2248047192891439,0.02264677449639445,,0.3,1,2,641,5,5,2,DateFeatures(),"{'clf__max_depth': None, 'clf__max_features': 0.3, 'clf__min_samples_leaf': 1, 'clf__min_samples_split': 2, 'clf__n_estimators': 641, 'features__col1_tfidf__min_df': 5, 'features__col4_tfidf__min_df': 5, 'features__col6_tfidf__min_df': 2, 'features__date': DateFeatures()}",0.7026675587120237,0.5806050110293024,0.7460130718954249,0.6764285472122503,0.07003009326109573,11
1.0452196598052979,0.04560891078835977,0.11303257942199707,0.003148139786471298,10,0.1,1,6,280,3,1,2,drop,"{'clf__max_depth': 10, 'clf__max_features': 0.1, 'clf__min_samples_leaf': 1, 'clf__min_samples_split': 6, 'clf__n_estimators': 280, 'features__col1_tfidf__min_df': 3, 'features__col4_tfidf__min_df': 1, 'features__col6_tfidf__min_df': 2, 'features__date': 'drop'}",0.7184491417005595,0.602468440091898,0.7038282308880672,0.6749152708935083,0.05157421983991981,12
0.9603242874145508,0.024954756362894653,0.1329793930053711,0.008928484364427912,30,log2,3,6,424,1,3,2,drop,"{'clf__max_depth': 30, 'clf__max_features': 'log2', 'clf__min_samples_leaf': 3, 'clf__min_samples_split': 6, 'clf__n_estimators': 424, 'features__col1_tfidf__min_df': 1, 'features__col4_tfidf__min_df': 3, 'features__col6_tfidf__min_df': 2, 'features__date': 'drop'}",0.4923415592560018,0.4842822941238124,0.49025002005339713,0.4889579578110704,0.0034146749231579545,38
5.120957136154175,0.05927084398384554,0.30588825543721515,0.020582818171016332,50,0.3,2,7,615,3,5,3,DateFeatures(),"{'clf__max_depth': 50, 'clf__max_features': 0.3, 'clf__min_samples_leaf': 2, 'clf__min_samples_split': 7, 'clf__n_estimators': 615, 'features__col1_tfidf__min_df': 3, 'features__col4_tfidf__min_df': 5, 'features__col6_tfidf__min_df': 3, 'features__date': DateFeatures()}",0.7300128544519677,0.5786589204395454,0.7262820252071466,0.6783179333662198,0.07048602185233993,10
1.2695732116699219,0.017543701228627386,0.16952141125996908,0.019496126270908916,20,sqrt,3,7,479,1,5,2,drop,"{'clf__max_depth': 20, 'clf__max_features': 'sqrt', 'clf__min_samples_leaf': 3, 'clf__min_samples_split': 7, 'clf__n_estimators': 479, 'features__col1_tfidf__min_df': 1, 'features__col4_tfidf__min_df': 5, 'features__col6_tfidf__min_df': 2, 'features__date': 'drop'}",0.61209157879532,0.5561122040240909,0.6104282943575634,0.5928773590589914,0.026005757020775535,32
1.6417269706726074,0.08130919591239767,0.185455322265625,0.0237336075987159,20,0.1,4,2,400,5,3,2,drop,"{'clf__max_depth': 20, 'clf__max_features': 0.1, 'clf__min_samples_leaf': 4, 'clf__min_samples_split': 2, 'clf__n_estimators': 400, 'features__col1_tfidf__min_df': 5, 'features__col4_tfidf__min_df': 3, 'features__col6_tfidf__min_df': 2, 'features__date': 'drop'}",0.5946562979392013,0.5698519196576014,0.6320570236176183,0.5988550804048071,0.025568093010811158,30
2.871392250061035,0.024619568612029494,0.24099326133728027,0.017646759826815784,50,0.1,4,5,602,2,3,3,DateFeatures(),"{'clf__max_depth': 50, 'clf__max_features': 0.1, 'clf__min_samples_leaf': 4, 'clf__min_samples_split': 5, 'clf__n_estimators': 602, 'features__col1_tfidf__min_df': 2, 'features__col4_tfidf__min_df': 3, 'features__col6_tfidf__min_df': 3, 'features__date': DateFeatures()}",0.6448713447462777,0.564703303710824,0.6410144509389379,0.6168630331320132,0.03691609348625636,22
5.761271158854167,0.03597554224006458,0.24669949213663736,0.008587639431326434,30,0.3,3,5,688,1,5,5,DateFeatures(),"{'clf__max_depth': 30, 'clf__max_features': 0.3, 'clf__min_samples_leaf': 3, 'clf__min_samples_split': 5, 'clf__n_estimators': 688, 'features__col1_tfidf__min_df': 1, 'features__col4_tfidf__min_df': 5, 'features__col6_tfidf__min_df': 5, 'features__date': DateFeatures()}",0.662608494409059,0.5674640305373397,0.686016766909019,0.6386964306184725,0.051267455052544646,15
3.3460818926493325,0.14356281054500963,0.18580993016560873,0.025240695544581245,10,0.3,1,10,672,2,3,3,drop,"{'clf__max_depth': 10, 'clf__max_features': 0.3, 'clf__min_samples_leaf': 1, 'clf__min_samples_split': 10, 'clf__n_estimators': 672, 'features__col1_tfidf__min_df': 2, 'features__col4_tfidf__min_df': 3, 'features__col6_tfidf__min_df': 3, 'features__date': 'drop'}",0.6980069323481997,0.603847264195348,0.6900945345891825,0.6639829103775767,0.04264483920233785,13
2.450758377710978,0.04876933098616135,0.24932289123535156,0.06791798073618772,10,0.1,3,11,771,1,2,1,drop,"{'clf__max_depth': 10, 'clf__max_features': 0.1, 'clf__min_samples_leaf': 3, 'clf__min_samples_split': 11, 'clf__n_estimators': 771, 'features__col1_tfidf__min_df': 1, 'features__col4_tfidf__min_df': 2, 'features__col6_tfidf__min_df': 1, 'features__date': 'drop'}",0.6267400436040681,0.5690462440088023,0.6282444859235514,0.6080102578454739,0.027558563307635328,24
0.8313732941945394,0.016036977604909245,0.1129149595896403,0.0048044436339189445,30,sqrt,1,8,208,1,3,3,drop,"{'clf__max_depth': 30, 'clf__max_features': 'sqrt', 'clf__min_samples_leaf': 1, 'clf__min_samples_split': 8, 'clf__n_estimators': 208, 'features__col1_tfidf__min_df': 1, 'features__col4_tfidf__min_df': 3, 'features__col6_tfidf__min_df': 3, 'features__date': 'drop'}",0.7421149466245007,0.6232735709981236,0.7487809340406877,0.7047231505544373,0.057657808690488165,4
2.5336967309316,0.06257282789510377,0.1709416707356771,0.021685052554833863,20,0.3,4,7,319,1,5,5,DateFeatures(),"{'clf__max_depth': 20, 'clf__max_features': 0.3, 'clf__min_samples_leaf': 4, 'clf__min_samples_split': 7, 'clf__n_estimators': 319, 'features__col1_tfidf__min_df': 1, 'features__col4_tfidf__min_df': 5, 'features__col6_tfidf__min_df': 5, 'features__date': DateFeatures()}",0.614201860778606,0.5536092765226164,0.6362833424848076,0.6013648265953433,0.03495084529876089,29
2.1236276626586914,0.0560891282657737,0.12642502784729004,0.008367960431614377,,0.3,4,7,303,5,2,3,drop,"{'clf__max_depth': None, 'clf__max_features': 0.3, 'clf__min_samples_leaf': 4, 'clf__min_samples_split': 7, 'clf__n_estimators': 303, 'features__col1_tfidf__min_df': 5, 'features__col4_tfidf__min_df': 2, 'features__col6_tfidf__min_df': 3, 'features__date': 'drop'}",0.6784286978078693,0.5840306354840197,0.6479001934282101,0.6367865089066997,0.03933093803743727,16
2.689906040827433,0.11502263210421487,0.18552660942077637,0.042707178995262565,,0.1,1,3,537,2,2,3,drop,"{'clf__max_depth': None, 'clf__max_features': 0.1, 'clf__min_samples_leaf': 1, 'clf__min_samples_split': 3, 'clf__n_estimators': 537, 'features__col1_tfidf__min_df': 2, 'features__col4_tfidf__min_df': 2, 'features__col6_tfidf__min_df': 3, 'features__date': 'drop'}",0.6892654875032835,0.6849677833791998,0.7413572967346225,0.7051968558723686,0.02562941900367571,3
1.8855047225952148,0.007102802524644249,0.1941533088684082,0.016338354529354705,50,sqrt,4,2,779,1,2,1,drop,"{'clf__max_depth': 50, 'clf__max_features': 'sqrt', 'clf__min_samples_leaf': 4, 'clf__min_samples_split': 2, 'clf__n_estimators': 779, 'features__col1_tfidf__min_df': 1, 'features__col4_tfidf__min_df': 2, 'features__col6_tfidf__min_df': 1, 'features__date': 'drop'}",0.5723016372879643,0.531598539720356,0.5398022356040932,0.5479008042041379,0.017576037625638363,37
2.428969065348307,0.10743801931447067,0.09027862548828125,0.008281424028164534,30,0.3,4,9,334,3,1,5,DateFeatures(),"{'clf__max_depth': 30, 'clf__max_features': 0.3, 'clf__min_samples_leaf': 4, 'clf__min_samples_split': 9, 'clf__n_estimators': 334, 'features__col1_tfidf__min_df': 3, 'features__col4_tfidf__min_df': 1, 'features__col6_tfidf__min_df': 5, 'features__date': DateFeatures()}",0.5992353049257947,0.5559705994359024,0.6345967155061732,0.5966008732892901,0.032152985393889284,31
